store,sales
glasgow,92212.23921049386
oslo,63485.69914698601
philadelphia,64798.127533867955
montreal,66603.28333964571
osaka,78937.50834045932
seoul,NA
