store,sales
glasgow,86910.00462276861
oslo,70463.93534401432
philadelphia,61305.28636276722
montreal,89917.19125770032
osaka,56970.877305138856
seoul,NA
