store,sales
glasgow,69774.87376425415
oslo,55221.63059795275
philadelphia,63538.57336798683
montreal,98381.4821462147
osaka,75027.32486464083
seoul,NA
