store,sales
glasgow,91609.16772671044
oslo,99860.12362642214
philadelphia,88420.75259890407
montreal,61887.4866864644
osaka,93672.45098110288
seoul,NA
