store,sales
glasgow,51164.83647143468
oslo,93963.33043696359
philadelphia,95721.38473158702
montreal,65182.91762331501
osaka,76265.22802747786
seoul,NA
